Year,Region,Target,Model,MSE,Predicted
2025,ALL,Median Rent,XGBoost,959.7019548978852,297.9175720214844
2026,ALL,Median Rent,XGBoost,959.7019548978852,312.7636413574219
2027,ALL,Median Rent,XGBoost,959.7019548978852,323.9111022949219
2028,ALL,Median Rent,XGBoost,959.7019548978852,323.9289855957031
2029,ALL,Median Rent,XGBoost,959.7019548978852,339.73944091796875
2030,ALL,Median Rent,XGBoost,959.7019548978852,339.73974609375
2031,ALL,Median Rent,XGBoost,959.7019548978852,352.28021240234375
2032,ALL,Median Rent,XGBoost,959.7019548978852,352.28021240234375
2033,ALL,Median Rent,XGBoost,959.7019548978852,352.28021240234375
2034,ALL,Median Rent,XGBoost,959.7019548978852,372.91558837890625
2025,ALL,Median Rent,LightGBM,23470.82645670027,302.68835205078125
2026,ALL,Median Rent,LightGBM,23470.82645670027,302.68835205078125
2027,ALL,Median Rent,LightGBM,23470.82645670027,302.68835205078125
2028,ALL,Median Rent,LightGBM,23470.82645670027,302.68835205078125
2029,ALL,Median Rent,LightGBM,23470.82645670027,302.68835205078125
2030,ALL,Median Rent,LightGBM,23470.82645670027,302.68835205078125
2031,ALL,Median Rent,LightGBM,23470.82645670027,302.68835205078125
2032,ALL,Median Rent,LightGBM,23470.82645670027,302.68835205078125
2033,ALL,Median Rent,LightGBM,23470.82645670027,302.68835205078125
2034,ALL,Median Rent,LightGBM,23470.82645670027,302.68835205078125
2025,ALL,Median Rent,CatBoost,245.0291171154767,311.47192783090287
2026,ALL,Median Rent,CatBoost,245.0291171154767,325.57511146217297
2027,ALL,Median Rent,CatBoost,245.0291171154767,328.5389524473348
2028,ALL,Median Rent,CatBoost,245.0291171154767,335.6705837806185
2029,ALL,Median Rent,CatBoost,245.0291171154767,339.4074796389509
2030,ALL,Median Rent,CatBoost,245.0291171154767,340.3967067147896
2031,ALL,Median Rent,CatBoost,245.0291171154767,350.6285003409001
2032,ALL,Median Rent,CatBoost,245.0291171154767,350.6285003409001
2033,ALL,Median Rent,CatBoost,245.0291171154767,356.89473928700204
2034,ALL,Median Rent,CatBoost,245.0291171154767,367.3963452901297
2025,ALL,Total Sentences,XGBoost,19878879.662724085,68906.65625
2026,ALL,Total Sentences,XGBoost,19878879.662724085,68906.65625
2027,ALL,Total Sentences,XGBoost,19878879.662724085,64351.53125
2028,ALL,Total Sentences,XGBoost,19878879.662724085,64351.53125
2029,ALL,Total Sentences,XGBoost,19878879.662724085,64351.53125
2030,ALL,Total Sentences,XGBoost,19878879.662724085,64351.53125
2031,ALL,Total Sentences,XGBoost,19878879.662724085,64351.53125
2032,ALL,Total Sentences,XGBoost,19878879.662724085,64351.53125
2033,ALL,Total Sentences,XGBoost,19878879.662724085,64353.98828125
2034,ALL,Total Sentences,XGBoost,19878879.662724085,64353.98828125
2025,ALL,Total Sentences,LightGBM,358242610.5913143,74829.16
2026,ALL,Total Sentences,LightGBM,358242610.5913143,74829.16
2027,ALL,Total Sentences,LightGBM,358242610.5913143,74829.16
2028,ALL,Total Sentences,LightGBM,358242610.5913143,74829.16
2029,ALL,Total Sentences,LightGBM,358242610.5913143,74829.16
2030,ALL,Total Sentences,LightGBM,358242610.5913143,74829.16
2031,ALL,Total Sentences,LightGBM,358242610.5913143,74829.16
2032,ALL,Total Sentences,LightGBM,358242610.5913143,74829.16
2033,ALL,Total Sentences,LightGBM,358242610.5913143,74829.16
2034,ALL,Total Sentences,LightGBM,358242610.5913143,74829.16
2025,ALL,Total Sentences,CatBoost,19244569.601456434,66549.05147330009
2026,ALL,Total Sentences,CatBoost,19244569.601456434,64786.382554932345
2027,ALL,Total Sentences,CatBoost,19244569.601456434,64786.382554932345
2028,ALL,Total Sentences,CatBoost,19244569.601456434,63834.235431213456
2029,ALL,Total Sentences,CatBoost,19244569.601456434,63723.561835752385
2030,ALL,Total Sentences,CatBoost,19244569.601456434,63331.13403171064
2031,ALL,Total Sentences,CatBoost,19244569.601456434,63331.13403171064
2032,ALL,Total Sentences,CatBoost,19244569.601456434,63331.13403171064
2033,ALL,Total Sentences,CatBoost,19244569.601456434,63110.145221025385
2034,ALL,Total Sentences,CatBoost,19244569.601456434,62132.434174386144
2025,Auckland Region,Median Rent,XGBoost,404.2360970105034,352.9183349609375
2026,Auckland Region,Median Rent,XGBoost,404.2360970105034,353.0543212890625
2027,Auckland Region,Median Rent,XGBoost,404.2360970105034,383.9397888183594
2028,Auckland Region,Median Rent,XGBoost,404.2360970105034,398.91241455078125
2029,Auckland Region,Median Rent,XGBoost,404.2360970105034,399.53070068359375
2030,Auckland Region,Median Rent,XGBoost,404.2360970105034,421.6021728515625
2031,Auckland Region,Median Rent,XGBoost,404.2360970105034,421.6021728515625
2032,Auckland Region,Median Rent,XGBoost,404.2360970105034,421.6021728515625
2033,Auckland Region,Median Rent,XGBoost,404.2360970105034,438.6903381347656
2034,Auckland Region,Median Rent,XGBoost,404.2360970105034,438.6903381347656
2025,Auckland Region,Median Rent,LightGBM,23180.752378092897,371.7593524169922
2026,Auckland Region,Median Rent,LightGBM,23180.752378092897,371.7593524169922
2027,Auckland Region,Median Rent,LightGBM,23180.752378092897,371.7593524169922
2028,Auckland Region,Median Rent,LightGBM,23180.752378092897,371.7593524169922
2029,Auckland Region,Median Rent,LightGBM,23180.752378092897,371.7593524169922
2030,Auckland Region,Median Rent,LightGBM,23180.752378092897,371.7593524169922
2031,Auckland Region,Median Rent,LightGBM,23180.752378092897,371.7593524169922
2032,Auckland Region,Median Rent,LightGBM,23180.752378092897,371.7593524169922
2033,Auckland Region,Median Rent,LightGBM,23180.752378092897,371.7593524169922
2034,Auckland Region,Median Rent,LightGBM,23180.752378092897,371.7593524169922
2025,Auckland Region,Median Rent,CatBoost,208.01812604321094,379.85393767249263
2026,Auckland Region,Median Rent,CatBoost,208.01812604321094,383.8279999162791
2027,Auckland Region,Median Rent,CatBoost,208.01812604321094,394.39413544241415
2028,Auckland Region,Median Rent,CatBoost,208.01812604321094,412.1530588067866
2029,Auckland Region,Median Rent,CatBoost,208.01812604321094,424.69397109563135
2030,Auckland Region,Median Rent,CatBoost,208.01812604321094,429.9990452259132
2031,Auckland Region,Median Rent,CatBoost,208.01812604321094,446.8515609155463
2032,Auckland Region,Median Rent,CatBoost,208.01812604321094,449.5108171098782
2033,Auckland Region,Median Rent,CatBoost,208.01812604321094,449.5108171098782
2034,Auckland Region,Median Rent,CatBoost,208.01812604321094,449.5108171098782
2025,Auckland Region,Total Sentences,XGBoost,451398.7033883844,6346.49755859375
2026,Auckland Region,Total Sentences,XGBoost,451398.7033883844,6346.4765625
2027,Auckland Region,Total Sentences,XGBoost,451398.7033883844,6346.4765625
2028,Auckland Region,Total Sentences,XGBoost,451398.7033883844,5888.5
2029,Auckland Region,Total Sentences,XGBoost,451398.7033883844,5888.5
2030,Auckland Region,Total Sentences,XGBoost,451398.7033883844,5888.5
2031,Auckland Region,Total Sentences,XGBoost,451398.7033883844,5888.5
2032,Auckland Region,Total Sentences,XGBoost,451398.7033883844,5888.5
2033,Auckland Region,Total Sentences,XGBoost,451398.7033883844,5087.00244140625
2034,Auckland Region,Total Sentences,XGBoost,451398.7033883844,5087.00244140625
2025,Auckland Region,Total Sentences,LightGBM,5037612.420457142,8023.74
2026,Auckland Region,Total Sentences,LightGBM,5037612.420457142,8023.74
2027,Auckland Region,Total Sentences,LightGBM,5037612.420457142,8023.74
2028,Auckland Region,Total Sentences,LightGBM,5037612.420457142,8023.74
2029,Auckland Region,Total Sentences,LightGBM,5037612.420457142,8023.74
2030,Auckland Region,Total Sentences,LightGBM,5037612.420457142,8023.74
2031,Auckland Region,Total Sentences,LightGBM,5037612.420457142,8023.74
2032,Auckland Region,Total Sentences,LightGBM,5037612.420457142,8023.74
2033,Auckland Region,Total Sentences,LightGBM,5037612.420457142,8023.74
2034,Auckland Region,Total Sentences,LightGBM,5037612.420457142,8023.74
2025,Auckland Region,Total Sentences,CatBoost,473510.3859230575,6256.492538637536
2026,Auckland Region,Total Sentences,CatBoost,473510.3859230575,6423.215895810898
2027,Auckland Region,Total Sentences,CatBoost,473510.3859230575,6124.0838556037725
2028,Auckland Region,Total Sentences,CatBoost,473510.3859230575,5892.371425046602
2029,Auckland Region,Total Sentences,CatBoost,473510.3859230575,5892.371425046602
2030,Auckland Region,Total Sentences,CatBoost,473510.3859230575,5892.371425046602
2031,Auckland Region,Total Sentences,CatBoost,473510.3859230575,5724.397760366926
2032,Auckland Region,Total Sentences,CatBoost,473510.3859230575,5338.569268948762
2033,Auckland Region,Total Sentences,CatBoost,473510.3859230575,5338.569268948762
2034,Auckland Region,Total Sentences,CatBoost,473510.3859230575,5338.569268948762
2025,Bay of Plenty Region,Median Rent,XGBoost,949.7830319976845,296.9919128417969
2026,Bay of Plenty Region,Median Rent,XGBoost,949.7830319976845,301.6376037597656
2027,Bay of Plenty Region,Median Rent,XGBoost,949.7830319976845,301.66668701171875
2028,Bay of Plenty Region,Median Rent,XGBoost,949.7830319976845,301.6693115234375
2029,Bay of Plenty Region,Median Rent,XGBoost,949.7830319976845,301.66552734375
2030,Bay of Plenty Region,Median Rent,XGBoost,949.7830319976845,328.7508239746094
2031,Bay of Plenty Region,Median Rent,XGBoost,949.7830319976845,328.75
2032,Bay of Plenty Region,Median Rent,XGBoost,949.7830319976845,328.75
2033,Bay of Plenty Region,Median Rent,XGBoost,949.7830319976845,328.75
2034,Bay of Plenty Region,Median Rent,XGBoost,949.7830319976845,328.75
2025,Bay of Plenty Region,Median Rent,LightGBM,31116.118481256734,286.3456683349609
2026,Bay of Plenty Region,Median Rent,LightGBM,31116.118481256734,286.3456683349609
2027,Bay of Plenty Region,Median Rent,LightGBM,31116.118481256734,286.3456683349609
2028,Bay of Plenty Region,Median Rent,LightGBM,31116.118481256734,286.3456683349609
2029,Bay of Plenty Region,Median Rent,LightGBM,31116.118481256734,286.3456683349609
2030,Bay of Plenty Region,Median Rent,LightGBM,31116.118481256734,286.3456683349609
2031,Bay of Plenty Region,Median Rent,LightGBM,31116.118481256734,286.3456683349609
2032,Bay of Plenty Region,Median Rent,LightGBM,31116.118481256734,286.3456683349609
2033,Bay of Plenty Region,Median Rent,LightGBM,31116.118481256734,286.3456683349609
2034,Bay of Plenty Region,Median Rent,LightGBM,31116.118481256734,286.3456683349609
2025,Bay of Plenty Region,Median Rent,CatBoost,845.035062051622,299.5683322606183
2026,Bay of Plenty Region,Median Rent,CatBoost,845.035062051622,311.4245531769086
2027,Bay of Plenty Region,Median Rent,CatBoost,845.035062051622,313.78100862728763
2028,Bay of Plenty Region,Median Rent,CatBoost,845.035062051622,326.67924957338926
2029,Bay of Plenty Region,Median Rent,CatBoost,845.035062051622,329.25125484569435
2030,Bay of Plenty Region,Median Rent,CatBoost,845.035062051622,321.81973528236006
2031,Bay of Plenty Region,Median Rent,CatBoost,845.035062051622,346.8182018254247
2032,Bay of Plenty Region,Median Rent,CatBoost,845.035062051622,346.8182018254247
2033,Bay of Plenty Region,Median Rent,CatBoost,845.035062051622,357.8607184066943
2034,Bay of Plenty Region,Median Rent,CatBoost,845.035062051622,357.8607184066943
2025,Bay of Plenty Region,Total Sentences,XGBoost,129198.3556613241,5472.576171875
2026,Bay of Plenty Region,Total Sentences,XGBoost,129198.3556613241,4986.44140625
2027,Bay of Plenty Region,Total Sentences,XGBoost,129198.3556613241,4524.14208984375
2028,Bay of Plenty Region,Total Sentences,XGBoost,129198.3556613241,4524.14208984375
2029,Bay of Plenty Region,Total Sentences,XGBoost,129198.3556613241,3870.34228515625
2030,Bay of Plenty Region,Total Sentences,XGBoost,129198.3556613241,3867.3173828125
2031,Bay of Plenty Region,Total Sentences,XGBoost,129198.3556613241,3668.924560546875
2032,Bay of Plenty Region,Total Sentences,XGBoost,129198.3556613241,3896.56494140625
2033,Bay of Plenty Region,Total Sentences,XGBoost,129198.3556613241,3896.56494140625
2034,Bay of Plenty Region,Total Sentences,XGBoost,129198.3556613241,3896.56494140625
2025,Bay of Plenty Region,Total Sentences,LightGBM,1048691.600457143,4403.76
2026,Bay of Plenty Region,Total Sentences,LightGBM,1048691.600457143,4403.76
2027,Bay of Plenty Region,Total Sentences,LightGBM,1048691.600457143,4403.76
2028,Bay of Plenty Region,Total Sentences,LightGBM,1048691.600457143,4403.76
2029,Bay of Plenty Region,Total Sentences,LightGBM,1048691.600457143,4403.76
2030,Bay of Plenty Region,Total Sentences,LightGBM,1048691.600457143,4403.76
2031,Bay of Plenty Region,Total Sentences,LightGBM,1048691.600457143,4403.76
2032,Bay of Plenty Region,Total Sentences,LightGBM,1048691.600457143,4403.76
2033,Bay of Plenty Region,Total Sentences,LightGBM,1048691.600457143,4403.76
2034,Bay of Plenty Region,Total Sentences,LightGBM,1048691.600457143,4403.76
2025,Bay of Plenty Region,Total Sentences,CatBoost,152924.40766899296,4701.825808785549
2026,Bay of Plenty Region,Total Sentences,CatBoost,152924.40766899296,4698.62947670603
2027,Bay of Plenty Region,Total Sentences,CatBoost,152924.40766899296,4699.824868834674
2028,Bay of Plenty Region,Total Sentences,CatBoost,152924.40766899296,4583.615329145131
2029,Bay of Plenty Region,Total Sentences,CatBoost,152924.40766899296,4251.847269172228
2030,Bay of Plenty Region,Total Sentences,CatBoost,152924.40766899296,3973.720401818763
2031,Bay of Plenty Region,Total Sentences,CatBoost,152924.40766899296,3719.2515751340075
2032,Bay of Plenty Region,Total Sentences,CatBoost,152924.40766899296,3873.3057197094504
2033,Bay of Plenty Region,Total Sentences,CatBoost,152924.40766899296,3844.7107687916077
2034,Bay of Plenty Region,Total Sentences,CatBoost,152924.40766899296,3857.3146883912996
2025,Canterbury Region,Median Rent,XGBoost,1146.2637065597817,277.93084716796875
2026,Canterbury Region,Median Rent,XGBoost,1146.2637065597817,277.9532470703125
2027,Canterbury Region,Median Rent,XGBoost,1146.2637065597817,296.2464904785156
2028,Canterbury Region,Median Rent,XGBoost,1146.2637065597817,296.2464904785156
2029,Canterbury Region,Median Rent,XGBoost,1146.2637065597817,296.12689208984375
2030,Canterbury Region,Median Rent,XGBoost,1146.2637065597817,296.1192321777344
2031,Canterbury Region,Median Rent,XGBoost,1146.2637065597817,296.1192321777344
2032,Canterbury Region,Median Rent,XGBoost,1146.2637065597817,325.8667907714844
2033,Canterbury Region,Median Rent,XGBoost,1146.2637065597817,324.7756042480469
2034,Canterbury Region,Median Rent,XGBoost,1146.2637065597817,324.7756042480469
2025,Canterbury Region,Median Rent,LightGBM,16387.513272520173,283.9604760742188
2026,Canterbury Region,Median Rent,LightGBM,16387.513272520173,283.9604760742188
2027,Canterbury Region,Median Rent,LightGBM,16387.513272520173,283.9604760742188
2028,Canterbury Region,Median Rent,LightGBM,16387.513272520173,283.9604760742188
2029,Canterbury Region,Median Rent,LightGBM,16387.513272520173,283.9604760742188
2030,Canterbury Region,Median Rent,LightGBM,16387.513272520173,283.9604760742188
2031,Canterbury Region,Median Rent,LightGBM,16387.513272520173,283.9604760742188
2032,Canterbury Region,Median Rent,LightGBM,16387.513272520173,283.9604760742188
2033,Canterbury Region,Median Rent,LightGBM,16387.513272520173,283.9604760742188
2034,Canterbury Region,Median Rent,LightGBM,16387.513272520173,283.9604760742188
2025,Canterbury Region,Median Rent,CatBoost,300.50979597350704,299.525753564282
2026,Canterbury Region,Median Rent,CatBoost,300.50979597350704,307.26001617737177
2027,Canterbury Region,Median Rent,CatBoost,300.50979597350704,308.1023725491292
2028,Canterbury Region,Median Rent,CatBoost,300.50979597350704,312.6759783214235
2029,Canterbury Region,Median Rent,CatBoost,300.50979597350704,326.9930424234473
2030,Canterbury Region,Median Rent,CatBoost,300.50979597350704,326.9930424234473
2031,Canterbury Region,Median Rent,CatBoost,300.50979597350704,329.54683479756824
2032,Canterbury Region,Median Rent,CatBoost,300.50979597350704,338.0464754278824
2033,Canterbury Region,Median Rent,CatBoost,300.50979597350704,338.0464754278824
2034,Canterbury Region,Median Rent,CatBoost,300.50979597350704,342.9124119517704
2025,Canterbury Region,Total Sentences,XGBoost,263498.4862879344,6809.3251953125
2026,Canterbury Region,Total Sentences,XGBoost,263498.4862879344,6639.951171875
2027,Canterbury Region,Total Sentences,XGBoost,263498.4862879344,6731.8681640625
2028,Canterbury Region,Total Sentences,XGBoost,263498.4862879344,6731.8681640625
2029,Canterbury Region,Total Sentences,XGBoost,263498.4862879344,6660.533203125
2030,Canterbury Region,Total Sentences,XGBoost,263498.4862879344,6640.865234375
2031,Canterbury Region,Total Sentences,XGBoost,263498.4862879344,6640.865234375
2032,Canterbury Region,Total Sentences,XGBoost,263498.4862879344,6640.865234375
2033,Canterbury Region,Total Sentences,XGBoost,263498.4862879344,6518.29443359375
2034,Canterbury Region,Total Sentences,XGBoost,263498.4862879344,6518.29443359375
2025,Canterbury Region,Total Sentences,LightGBM,3306725.385828572,7195.88
2026,Canterbury Region,Total Sentences,LightGBM,3306725.385828572,7195.88
2027,Canterbury Region,Total Sentences,LightGBM,3306725.385828572,7195.88
2028,Canterbury Region,Total Sentences,LightGBM,3306725.385828572,7195.88
2029,Canterbury Region,Total Sentences,LightGBM,3306725.385828572,7195.88
2030,Canterbury Region,Total Sentences,LightGBM,3306725.385828572,7195.88
2031,Canterbury Region,Total Sentences,LightGBM,3306725.385828572,7195.88
2032,Canterbury Region,Total Sentences,LightGBM,3306725.385828572,7195.88
2033,Canterbury Region,Total Sentences,LightGBM,3306725.385828572,7195.88
2034,Canterbury Region,Total Sentences,LightGBM,3306725.385828572,7195.88
2025,Canterbury Region,Total Sentences,CatBoost,118418.54365754312,7176.592414681139
2026,Canterbury Region,Total Sentences,CatBoost,118418.54365754312,7131.122546367589
2027,Canterbury Region,Total Sentences,CatBoost,118418.54365754312,7087.72785671553
2028,Canterbury Region,Total Sentences,CatBoost,118418.54365754312,7020.115060956464
2029,Canterbury Region,Total Sentences,CatBoost,118418.54365754312,6765.463727702983
2030,Canterbury Region,Total Sentences,CatBoost,118418.54365754312,6765.463727702983
2031,Canterbury Region,Total Sentences,CatBoost,118418.54365754312,6521.433545367013
2032,Canterbury Region,Total Sentences,CatBoost,118418.54365754312,6361.468461398007
2033,Canterbury Region,Total Sentences,CatBoost,118418.54365754312,6361.468461398007
2034,Canterbury Region,Total Sentences,CatBoost,118418.54365754312,6361.468461398007
2025,Gisborne Region,Median Rent,XGBoost,2466.9115447777667,242.5515899658203
2026,Gisborne Region,Median Rent,XGBoost,2466.9115447777667,254.838623046875
2027,Gisborne Region,Median Rent,XGBoost,2466.9115447777667,257.97113037109375
2028,Gisborne Region,Median Rent,XGBoost,2466.9115447777667,266.5721740722656
2029,Gisborne Region,Median Rent,XGBoost,2466.9115447777667,266.5721740722656
2030,Gisborne Region,Median Rent,XGBoost,2466.9115447777667,275.26806640625
2031,Gisborne Region,Median Rent,XGBoost,2466.9115447777667,275.26806640625
2032,Gisborne Region,Median Rent,XGBoost,2466.9115447777667,282.29742431640625
2033,Gisborne Region,Median Rent,XGBoost,2466.9115447777667,282.29742431640625
2034,Gisborne Region,Median Rent,XGBoost,2466.9115447777667,282.43731689453125
2025,Gisborne Region,Median Rent,LightGBM,28945.102434039924,241.15125183105468
2026,Gisborne Region,Median Rent,LightGBM,28945.102434039924,241.15125183105468
2027,Gisborne Region,Median Rent,LightGBM,28945.102434039924,241.15125183105468
2028,Gisborne Region,Median Rent,LightGBM,28945.102434039924,241.15125183105468
2029,Gisborne Region,Median Rent,LightGBM,28945.102434039924,241.15125183105468
2030,Gisborne Region,Median Rent,LightGBM,28945.102434039924,241.15125183105468
2031,Gisborne Region,Median Rent,LightGBM,28945.102434039924,241.15125183105468
2032,Gisborne Region,Median Rent,LightGBM,28945.102434039924,241.15125183105468
2033,Gisborne Region,Median Rent,LightGBM,28945.102434039924,241.15125183105468
2034,Gisborne Region,Median Rent,LightGBM,28945.102434039924,241.15125183105468
2025,Gisborne Region,Median Rent,CatBoost,243.38879091459964,251.61071912447093
2026,Gisborne Region,Median Rent,CatBoost,243.38879091459964,263.55004712960357
2027,Gisborne Region,Median Rent,CatBoost,243.38879091459964,268.5619764565693
2028,Gisborne Region,Median Rent,CatBoost,243.38879091459964,276.0014482790167
2029,Gisborne Region,Median Rent,CatBoost,243.38879091459964,291.6348997199189
2030,Gisborne Region,Median Rent,CatBoost,243.38879091459964,291.6348997199189
2031,Gisborne Region,Median Rent,CatBoost,243.38879091459964,300.111567376442
2032,Gisborne Region,Median Rent,CatBoost,243.38879091459964,300.111567376442
2033,Gisborne Region,Median Rent,CatBoost,243.38879091459964,300.111567376442
2034,Gisborne Region,Median Rent,CatBoost,243.38879091459964,306.7370494227938
2025,Gisborne Region,Total Sentences,XGBoost,99749.9965984651,5899.734375
2026,Gisborne Region,Total Sentences,XGBoost,99749.9965984651,6035.9384765625
2027,Gisborne Region,Total Sentences,XGBoost,99749.9965984651,6035.9384765625
2028,Gisborne Region,Total Sentences,XGBoost,99749.9965984651,6035.9384765625
2029,Gisborne Region,Total Sentences,XGBoost,99749.9965984651,6064.2822265625
2030,Gisborne Region,Total Sentences,XGBoost,99749.9965984651,6065.3134765625
2031,Gisborne Region,Total Sentences,XGBoost,99749.9965984651,6065.3134765625
2032,Gisborne Region,Total Sentences,XGBoost,99749.9965984651,6066.998046875
2033,Gisborne Region,Total Sentences,XGBoost,99749.9965984651,5776.322265625
2034,Gisborne Region,Total Sentences,XGBoost,99749.9965984651,5350.23486328125
2025,Gisborne Region,Total Sentences,LightGBM,1330249.6114285714,5101.2
2026,Gisborne Region,Total Sentences,LightGBM,1330249.6114285714,5101.2
2027,Gisborne Region,Total Sentences,LightGBM,1330249.6114285714,5101.2
2028,Gisborne Region,Total Sentences,LightGBM,1330249.6114285714,5101.2
2029,Gisborne Region,Total Sentences,LightGBM,1330249.6114285714,5101.2
2030,Gisborne Region,Total Sentences,LightGBM,1330249.6114285714,5101.2
2031,Gisborne Region,Total Sentences,LightGBM,1330249.6114285714,5101.2
2032,Gisborne Region,Total Sentences,LightGBM,1330249.6114285714,5101.2
2033,Gisborne Region,Total Sentences,LightGBM,1330249.6114285714,5101.2
2034,Gisborne Region,Total Sentences,LightGBM,1330249.6114285714,5101.2
2025,Gisborne Region,Total Sentences,CatBoost,82543.60305368858,5604.653925513199
2026,Gisborne Region,Total Sentences,CatBoost,82543.60305368858,5604.653925513199
2027,Gisborne Region,Total Sentences,CatBoost,82543.60305368858,5624.27958208598
2028,Gisborne Region,Total Sentences,CatBoost,82543.60305368858,5627.703095652227
2029,Gisborne Region,Total Sentences,CatBoost,82543.60305368858,5629.7278972924105
2030,Gisborne Region,Total Sentences,CatBoost,82543.60305368858,5947.371104408261
2031,Gisborne Region,Total Sentences,CatBoost,82543.60305368858,5995.767786503389
2032,Gisborne Region,Total Sentences,CatBoost,82543.60305368858,5931.640448261344
2033,Gisborne Region,Total Sentences,CatBoost,82543.60305368858,5658.603797554575
2034,Gisborne Region,Total Sentences,CatBoost,82543.60305368858,5201.915664953797
2025,Manawatu-Wanganui Region,Median Rent,XGBoost,1026.5839638628897,225.41685485839844
2026,Manawatu-Wanganui Region,Median Rent,XGBoost,1026.5839638628897,230.62879943847656
2027,Manawatu-Wanganui Region,Median Rent,XGBoost,1026.5839638628897,230.67002868652344
2028,Manawatu-Wanganui Region,Median Rent,XGBoost,1026.5839638628897,237.80923461914062
2029,Manawatu-Wanganui Region,Median Rent,XGBoost,1026.5839638628897,237.80923461914062
2030,Manawatu-Wanganui Region,Median Rent,XGBoost,1026.5839638628897,252.9190216064453
2031,Manawatu-Wanganui Region,Median Rent,XGBoost,1026.5839638628897,252.9190216064453
2032,Manawatu-Wanganui Region,Median Rent,XGBoost,1026.5839638628897,252.9190216064453
2033,Manawatu-Wanganui Region,Median Rent,XGBoost,1026.5839638628897,252.9190216064453
2034,Manawatu-Wanganui Region,Median Rent,XGBoost,1026.5839638628897,252.9190216064453
2025,Manawatu-Wanganui Region,Median Rent,LightGBM,20743.187405741966,220.41986938476563
2026,Manawatu-Wanganui Region,Median Rent,LightGBM,20743.187405741966,220.41986938476563
2027,Manawatu-Wanganui Region,Median Rent,LightGBM,20743.187405741966,220.41986938476563
2028,Manawatu-Wanganui Region,Median Rent,LightGBM,20743.187405741966,220.41986938476563
2029,Manawatu-Wanganui Region,Median Rent,LightGBM,20743.187405741966,220.41986938476563
2030,Manawatu-Wanganui Region,Median Rent,LightGBM,20743.187405741966,220.41986938476563
2031,Manawatu-Wanganui Region,Median Rent,LightGBM,20743.187405741966,220.41986938476563
2032,Manawatu-Wanganui Region,Median Rent,LightGBM,20743.187405741966,220.41986938476563
2033,Manawatu-Wanganui Region,Median Rent,LightGBM,20743.187405741966,220.41986938476563
2034,Manawatu-Wanganui Region,Median Rent,LightGBM,20743.187405741966,220.41986938476563
2025,Manawatu-Wanganui Region,Median Rent,CatBoost,2348.585989428639,235.06000680450404
2026,Manawatu-Wanganui Region,Median Rent,CatBoost,2348.585989428639,235.12064842220315
2027,Manawatu-Wanganui Region,Median Rent,CatBoost,2348.585989428639,247.61729205089767
2028,Manawatu-Wanganui Region,Median Rent,CatBoost,2348.585989428639,247.61729205089767
2029,Manawatu-Wanganui Region,Median Rent,CatBoost,2348.585989428639,249.63957390814568
2030,Manawatu-Wanganui Region,Median Rent,CatBoost,2348.585989428639,252.77349215320237
2031,Manawatu-Wanganui Region,Median Rent,CatBoost,2348.585989428639,252.77349215320237
2032,Manawatu-Wanganui Region,Median Rent,CatBoost,2348.585989428639,252.77349215320237
2033,Manawatu-Wanganui Region,Median Rent,CatBoost,2348.585989428639,269.54255775086443
2034,Manawatu-Wanganui Region,Median Rent,CatBoost,2348.585989428639,279.9769138682386
2025,Manawatu-Wanganui Region,Total Sentences,XGBoost,47415.84451840605,4017.151123046875
2026,Manawatu-Wanganui Region,Total Sentences,XGBoost,47415.84451840605,4017.150146484375
2027,Manawatu-Wanganui Region,Total Sentences,XGBoost,47415.84451840605,4017.150146484375
2028,Manawatu-Wanganui Region,Total Sentences,XGBoost,47415.84451840605,4017.150146484375
2029,Manawatu-Wanganui Region,Total Sentences,XGBoost,47415.84451840605,4162.43994140625
2030,Manawatu-Wanganui Region,Total Sentences,XGBoost,47415.84451840605,4162.43994140625
2031,Manawatu-Wanganui Region,Total Sentences,XGBoost,47415.84451840605,4162.43994140625
2032,Manawatu-Wanganui Region,Total Sentences,XGBoost,47415.84451840605,4162.43994140625
2033,Manawatu-Wanganui Region,Total Sentences,XGBoost,47415.84451840605,4221.68212890625
2034,Manawatu-Wanganui Region,Total Sentences,XGBoost,47415.84451840605,4221.68212890625
2025,Manawatu-Wanganui Region,Total Sentences,LightGBM,665721.7104,3592.48
2026,Manawatu-Wanganui Region,Total Sentences,LightGBM,665721.7104,3592.48
2027,Manawatu-Wanganui Region,Total Sentences,LightGBM,665721.7104,3592.48
2028,Manawatu-Wanganui Region,Total Sentences,LightGBM,665721.7104,3592.48
2029,Manawatu-Wanganui Region,Total Sentences,LightGBM,665721.7104,3592.48
2030,Manawatu-Wanganui Region,Total Sentences,LightGBM,665721.7104,3592.48
2031,Manawatu-Wanganui Region,Total Sentences,LightGBM,665721.7104,3592.48
2032,Manawatu-Wanganui Region,Total Sentences,LightGBM,665721.7104,3592.48
2033,Manawatu-Wanganui Region,Total Sentences,LightGBM,665721.7104,3592.48
2034,Manawatu-Wanganui Region,Total Sentences,LightGBM,665721.7104,3592.48
2025,Manawatu-Wanganui Region,Total Sentences,CatBoost,23736.00072744494,3986.898449803426
2026,Manawatu-Wanganui Region,Total Sentences,CatBoost,23736.00072744494,3949.014611720997
2027,Manawatu-Wanganui Region,Total Sentences,CatBoost,23736.00072744494,3949.7700912441583
2028,Manawatu-Wanganui Region,Total Sentences,CatBoost,23736.00072744494,3906.196496786236
2029,Manawatu-Wanganui Region,Total Sentences,CatBoost,23736.00072744494,3906.196496786236
2030,Manawatu-Wanganui Region,Total Sentences,CatBoost,23736.00072744494,3901.6419178738247
2031,Manawatu-Wanganui Region,Total Sentences,CatBoost,23736.00072744494,3903.192247581674
2032,Manawatu-Wanganui Region,Total Sentences,CatBoost,23736.00072744494,3903.192247581674
2033,Manawatu-Wanganui Region,Total Sentences,CatBoost,23736.00072744494,3903.192247581674
2034,Manawatu-Wanganui Region,Total Sentences,CatBoost,23736.00072744494,3869.268451236351
2025,Marlborough Region,Median Rent,XGBoost,750.4400794050172,265.375732421875
2026,Marlborough Region,Median Rent,XGBoost,750.4400794050172,272.93212890625
2027,Marlborough Region,Median Rent,XGBoost,750.4400794050172,275.1968078613281
2028,Marlborough Region,Median Rent,XGBoost,750.4400794050172,284.3891906738281
2029,Marlborough Region,Median Rent,XGBoost,750.4400794050172,284.3722229003906
2030,Marlborough Region,Median Rent,XGBoost,750.4400794050172,284.37908935546875
2031,Marlborough Region,Median Rent,XGBoost,750.4400794050172,300.1860656738281
2032,Marlborough Region,Median Rent,XGBoost,750.4400794050172,300.1860656738281
2033,Marlborough Region,Median Rent,XGBoost,750.4400794050172,300.1860656738281
2034,Marlborough Region,Median Rent,XGBoost,750.4400794050172,314.7476501464844
2025,Marlborough Region,Median Rent,LightGBM,20388.806289826087,259.14138366699217
2026,Marlborough Region,Median Rent,LightGBM,20388.806289826087,259.14138366699217
2027,Marlborough Region,Median Rent,LightGBM,20388.806289826087,259.14138366699217
2028,Marlborough Region,Median Rent,LightGBM,20388.806289826087,259.14138366699217
2029,Marlborough Region,Median Rent,LightGBM,20388.806289826087,259.14138366699217
2030,Marlborough Region,Median Rent,LightGBM,20388.806289826087,259.14138366699217
2031,Marlborough Region,Median Rent,LightGBM,20388.806289826087,259.14138366699217
2032,Marlborough Region,Median Rent,LightGBM,20388.806289826087,259.14138366699217
2033,Marlborough Region,Median Rent,LightGBM,20388.806289826087,259.14138366699217
2034,Marlborough Region,Median Rent,LightGBM,20388.806289826087,259.14138366699217
2025,Marlborough Region,Median Rent,CatBoost,84.0672346600663,271.6943170436232
2026,Marlborough Region,Median Rent,CatBoost,84.0672346600663,277.9781629013682
2027,Marlborough Region,Median Rent,CatBoost,84.0672346600663,282.46946850105394
2028,Marlborough Region,Median Rent,CatBoost,84.0672346600663,283.237484721132
2029,Marlborough Region,Median Rent,CatBoost,84.0672346600663,288.7279685825582
2030,Marlborough Region,Median Rent,CatBoost,84.0672346600663,294.5798184241322
2031,Marlborough Region,Median Rent,CatBoost,84.0672346600663,294.5798184241322
2032,Marlborough Region,Median Rent,CatBoost,84.0672346600663,306.3752019365063
2033,Marlborough Region,Median Rent,CatBoost,84.0672346600663,312.1350068790342
2034,Marlborough Region,Median Rent,CatBoost,84.0672346600663,312.1350068790342
2025,Marlborough Region,Total Sentences,XGBoost,45217.615157561646,3767.346435546875
2026,Marlborough Region,Total Sentences,XGBoost,45217.615157561646,3811.2890625
2027,Marlborough Region,Total Sentences,XGBoost,45217.615157561646,3811.2890625
2028,Marlborough Region,Total Sentences,XGBoost,45217.615157561646,4006.99755859375
2029,Marlborough Region,Total Sentences,XGBoost,45217.615157561646,3952.633056640625
2030,Marlborough Region,Total Sentences,XGBoost,45217.615157561646,3952.633056640625
2031,Marlborough Region,Total Sentences,XGBoost,45217.615157561646,3942.071533203125
2032,Marlborough Region,Total Sentences,XGBoost,45217.615157561646,3938.544189453125
2033,Marlborough Region,Total Sentences,XGBoost,45217.615157561646,3938.544189453125
2034,Marlborough Region,Total Sentences,XGBoost,45217.615157561646,2556.107177734375
2025,Marlborough Region,Total Sentences,LightGBM,636189.2507428572,2923.44
2026,Marlborough Region,Total Sentences,LightGBM,636189.2507428572,2923.44
2027,Marlborough Region,Total Sentences,LightGBM,636189.2507428572,2923.44
2028,Marlborough Region,Total Sentences,LightGBM,636189.2507428572,2923.44
2029,Marlborough Region,Total Sentences,LightGBM,636189.2507428572,2923.44
2030,Marlborough Region,Total Sentences,LightGBM,636189.2507428572,2923.44
2031,Marlborough Region,Total Sentences,LightGBM,636189.2507428572,2923.44
2032,Marlborough Region,Total Sentences,LightGBM,636189.2507428572,2923.44
2033,Marlborough Region,Total Sentences,LightGBM,636189.2507428572,2923.44
2034,Marlborough Region,Total Sentences,LightGBM,636189.2507428572,2923.44
2025,Marlborough Region,Total Sentences,CatBoost,27159.692759028003,3495.320932319873
2026,Marlborough Region,Total Sentences,CatBoost,27159.692759028003,3527.0801716094993
2027,Marlborough Region,Total Sentences,CatBoost,27159.692759028003,3488.0818248242554
2028,Marlborough Region,Total Sentences,CatBoost,27159.692759028003,3435.662921980487
2029,Marlborough Region,Total Sentences,CatBoost,27159.692759028003,3455.0288322441534
2030,Marlborough Region,Total Sentences,CatBoost,27159.692759028003,3306.5028343603176
2031,Marlborough Region,Total Sentences,CatBoost,27159.692759028003,3231.2907885066134
2032,Marlborough Region,Total Sentences,CatBoost,27159.692759028003,3202.225081256693
2033,Marlborough Region,Total Sentences,CatBoost,27159.692759028003,3079.929634620454
2034,Marlborough Region,Total Sentences,CatBoost,27159.692759028003,3100.4457369909665
2025,Northland Region,Median Rent,XGBoost,860.0128367681224,264.41949462890625
2026,Northland Region,Median Rent,XGBoost,860.0128367681224,271.11102294921875
2027,Northland Region,Median Rent,XGBoost,860.0128367681224,275.3084716796875
2028,Northland Region,Median Rent,XGBoost,860.0128367681224,275.3023681640625
2029,Northland Region,Median Rent,XGBoost,860.0128367681224,275.04229736328125
2030,Northland Region,Median Rent,XGBoost,860.0128367681224,275.04229736328125
2031,Northland Region,Median Rent,XGBoost,860.0128367681224,294.5840759277344
2032,Northland Region,Median Rent,XGBoost,860.0128367681224,294.5840759277344
2033,Northland Region,Median Rent,XGBoost,860.0128367681224,294.5840759277344
2034,Northland Region,Median Rent,XGBoost,860.0128367681224,319.5630187988281
2025,Northland Region,Median Rent,LightGBM,24865.79817113272,255.07744506835937
2026,Northland Region,Median Rent,LightGBM,24865.79817113272,255.07744506835937
2027,Northland Region,Median Rent,LightGBM,24865.79817113272,255.07744506835937
2028,Northland Region,Median Rent,LightGBM,24865.79817113272,255.07744506835937
2029,Northland Region,Median Rent,LightGBM,24865.79817113272,255.07744506835937
2030,Northland Region,Median Rent,LightGBM,24865.79817113272,255.07744506835937
2031,Northland Region,Median Rent,LightGBM,24865.79817113272,255.07744506835937
2032,Northland Region,Median Rent,LightGBM,24865.79817113272,255.07744506835937
2033,Northland Region,Median Rent,LightGBM,24865.79817113272,255.07744506835937
2034,Northland Region,Median Rent,LightGBM,24865.79817113272,255.07744506835937
2025,Northland Region,Median Rent,CatBoost,296.89437440062585,273.43350907193343
2026,Northland Region,Median Rent,CatBoost,296.89437440062585,278.6468863553562
2027,Northland Region,Median Rent,CatBoost,296.89437440062585,288.6111825300195
2028,Northland Region,Median Rent,CatBoost,296.89437440062585,281.9156553410425
2029,Northland Region,Median Rent,CatBoost,296.89437440062585,290.80890879315893
2030,Northland Region,Median Rent,CatBoost,296.89437440062585,290.80890879315893
2031,Northland Region,Median Rent,CatBoost,296.89437440062585,291.80015969019655
2032,Northland Region,Median Rent,CatBoost,296.89437440062585,297.6358306669738
2033,Northland Region,Median Rent,CatBoost,296.89437440062585,300.99011733416245
2034,Northland Region,Median Rent,CatBoost,296.89437440062585,300.99011733416245
2025,Northland Region,Total Sentences,XGBoost,99702.15697409425,4754.7138671875
2026,Northland Region,Total Sentences,XGBoost,99702.15697409425,5230.7099609375
2027,Northland Region,Total Sentences,XGBoost,99702.15697409425,5230.7099609375
2028,Northland Region,Total Sentences,XGBoost,99702.15697409425,5028.74755859375
2029,Northland Region,Total Sentences,XGBoost,99702.15697409425,5028.74755859375
2030,Northland Region,Total Sentences,XGBoost,99702.15697409425,4840.48388671875
2031,Northland Region,Total Sentences,XGBoost,99702.15697409425,4374.8076171875
2032,Northland Region,Total Sentences,XGBoost,99702.15697409425,4047.93212890625
2033,Northland Region,Total Sentences,XGBoost,99702.15697409425,3914.787109375
2034,Northland Region,Total Sentences,XGBoost,99702.15697409425,3693.80029296875
2025,Northland Region,Total Sentences,LightGBM,540503.3718857144,3701.24
2026,Northland Region,Total Sentences,LightGBM,540503.3718857144,3701.24
2027,Northland Region,Total Sentences,LightGBM,540503.3718857144,3701.24
2028,Northland Region,Total Sentences,LightGBM,540503.3718857144,3701.24
2029,Northland Region,Total Sentences,LightGBM,540503.3718857144,3701.24
2030,Northland Region,Total Sentences,LightGBM,540503.3718857144,3701.24
2031,Northland Region,Total Sentences,LightGBM,540503.3718857144,3701.24
2032,Northland Region,Total Sentences,LightGBM,540503.3718857144,3701.24
2033,Northland Region,Total Sentences,LightGBM,540503.3718857144,3701.24
2034,Northland Region,Total Sentences,LightGBM,540503.3718857144,3701.24
2025,Northland Region,Total Sentences,CatBoost,55286.289887051935,4595.619749368585
2026,Northland Region,Total Sentences,CatBoost,55286.289887051935,4583.487235465041
2027,Northland Region,Total Sentences,CatBoost,55286.289887051935,4668.166751285932
2028,Northland Region,Total Sentences,CatBoost,55286.289887051935,4815.501365795215
2029,Northland Region,Total Sentences,CatBoost,55286.289887051935,4864.4445529571285
2030,Northland Region,Total Sentences,CatBoost,55286.289887051935,4802.827827975606
2031,Northland Region,Total Sentences,CatBoost,55286.289887051935,4572.528629386318
2032,Northland Region,Total Sentences,CatBoost,55286.289887051935,3922.243018306106
2033,Northland Region,Total Sentences,CatBoost,55286.289887051935,3846.1630183370553
2034,Northland Region,Total Sentences,CatBoost,55286.289887051935,3790.6494018617273
2025,Otago Region,Median Rent,XGBoost,1057.8033948329773,254.55117797851562
2026,Otago Region,Median Rent,XGBoost,1057.8033948329773,268.59075927734375
2027,Otago Region,Median Rent,XGBoost,1057.8033948329773,276.222900390625
2028,Otago Region,Median Rent,XGBoost,1057.8033948329773,276.2468566894531
2029,Otago Region,Median Rent,XGBoost,1057.8033948329773,282.4661560058594
2030,Otago Region,Median Rent,XGBoost,1057.8033948329773,282.4818115234375
2031,Otago Region,Median Rent,XGBoost,1057.8033948329773,293.2330322265625
2032,Otago Region,Median Rent,XGBoost,1057.8033948329773,293.2330322265625
2033,Otago Region,Median Rent,XGBoost,1057.8033948329773,300.302001953125
2034,Otago Region,Median Rent,XGBoost,1057.8033948329773,300.302001953125
2025,Otago Region,Median Rent,LightGBM,20515.63065292701,259.8691326904297
2026,Otago Region,Median Rent,LightGBM,20515.63065292701,259.8691326904297
2027,Otago Region,Median Rent,LightGBM,20515.63065292701,259.8691326904297
2028,Otago Region,Median Rent,LightGBM,20515.63065292701,259.8691326904297
2029,Otago Region,Median Rent,LightGBM,20515.63065292701,259.8691326904297
2030,Otago Region,Median Rent,LightGBM,20515.63065292701,259.8691326904297
2031,Otago Region,Median Rent,LightGBM,20515.63065292701,259.8691326904297
2032,Otago Region,Median Rent,LightGBM,20515.63065292701,259.8691326904297
2033,Otago Region,Median Rent,LightGBM,20515.63065292701,259.8691326904297
2034,Otago Region,Median Rent,LightGBM,20515.63065292701,259.8691326904297
2025,Otago Region,Median Rent,CatBoost,246.9281126543212,270.2450580843153
2026,Otago Region,Median Rent,CatBoost,246.9281126543212,275.6157423247244
2027,Otago Region,Median Rent,CatBoost,246.9281126543212,275.51855426818184
2028,Otago Region,Median Rent,CatBoost,246.9281126543212,281.3545837844299
2029,Otago Region,Median Rent,CatBoost,246.9281126543212,287.20283535974283
2030,Otago Region,Median Rent,CatBoost,246.9281126543212,291.454066707595
2031,Otago Region,Median Rent,CatBoost,246.9281126543212,294.1576452326907
2032,Otago Region,Median Rent,CatBoost,246.9281126543212,300.37880908365054
2033,Otago Region,Median Rent,CatBoost,246.9281126543212,300.37880908365054
2034,Otago Region,Median Rent,CatBoost,246.9281126543212,307.3333531374463
2025,Otago Region,Total Sentences,XGBoost,68408.04707676599,3383.8515625
2026,Otago Region,Total Sentences,XGBoost,68408.04707676599,3383.8515625
2027,Otago Region,Total Sentences,XGBoost,68408.04707676599,3383.806640625
2028,Otago Region,Total Sentences,XGBoost,68408.04707676599,3383.806640625
2029,Otago Region,Total Sentences,XGBoost,68408.04707676599,3262.15478515625
2030,Otago Region,Total Sentences,XGBoost,68408.04707676599,3114.109375
2031,Otago Region,Total Sentences,XGBoost,68408.04707676599,2832.736328125
2032,Otago Region,Total Sentences,XGBoost,68408.04707676599,2832.736328125
2033,Otago Region,Total Sentences,XGBoost,68408.04707676599,2505.7978515625
2034,Otago Region,Total Sentences,XGBoost,68408.04707676599,2505.7978515625
2025,Otago Region,Total Sentences,LightGBM,949511.6724571428,3245.36
2026,Otago Region,Total Sentences,LightGBM,949511.6724571428,3245.36
2027,Otago Region,Total Sentences,LightGBM,949511.6724571428,3245.36
2028,Otago Region,Total Sentences,LightGBM,949511.6724571428,3245.36
2029,Otago Region,Total Sentences,LightGBM,949511.6724571428,3245.36
2030,Otago Region,Total Sentences,LightGBM,949511.6724571428,3245.36
2031,Otago Region,Total Sentences,LightGBM,949511.6724571428,3245.36
2032,Otago Region,Total Sentences,LightGBM,949511.6724571428,3245.36
2033,Otago Region,Total Sentences,LightGBM,949511.6724571428,3245.36
2034,Otago Region,Total Sentences,LightGBM,949511.6724571428,3245.36
2025,Otago Region,Total Sentences,CatBoost,94380.4914025242,3227.744487043815
2026,Otago Region,Total Sentences,CatBoost,94380.4914025242,3155.9083483613667
2027,Otago Region,Total Sentences,CatBoost,94380.4914025242,3152.6545917076096
2028,Otago Region,Total Sentences,CatBoost,94380.4914025242,3131.4446724434056
2029,Otago Region,Total Sentences,CatBoost,94380.4914025242,3047.175848360895
2030,Otago Region,Total Sentences,CatBoost,94380.4914025242,3017.359323498089
2031,Otago Region,Total Sentences,CatBoost,94380.4914025242,2919.000448598432
2032,Otago Region,Total Sentences,CatBoost,94380.4914025242,2753.599957067013
2033,Otago Region,Total Sentences,CatBoost,94380.4914025242,2627.595903660548
2034,Otago Region,Total Sentences,CatBoost,94380.4914025242,2590.679534139974
2025,Southland Region,Median Rent,XGBoost,901.0692697737798,188.3490447998047
2026,Southland Region,Median Rent,XGBoost,901.0692697737798,188.3319091796875
2027,Southland Region,Median Rent,XGBoost,901.0692697737798,202.4652862548828
2028,Southland Region,Median Rent,XGBoost,901.0692697737798,210.2015838623047
2029,Southland Region,Median Rent,XGBoost,901.0692697737798,214.5543212890625
2030,Southland Region,Median Rent,XGBoost,901.0692697737798,220.94705200195312
2031,Southland Region,Median Rent,XGBoost,901.0692697737798,220.9261932373047
2032,Southland Region,Median Rent,XGBoost,901.0692697737798,220.9261932373047
2033,Southland Region,Median Rent,XGBoost,901.0692697737798,234.2466583251953
2034,Southland Region,Median Rent,XGBoost,901.0692697737798,234.2466583251953
2025,Southland Region,Median Rent,LightGBM,14666.090508145568,192.5688314819336
2026,Southland Region,Median Rent,LightGBM,14666.090508145568,192.5688314819336
2027,Southland Region,Median Rent,LightGBM,14666.090508145568,192.5688314819336
2028,Southland Region,Median Rent,LightGBM,14666.090508145568,192.5688314819336
2029,Southland Region,Median Rent,LightGBM,14666.090508145568,192.5688314819336
2030,Southland Region,Median Rent,LightGBM,14666.090508145568,192.5688314819336
2031,Southland Region,Median Rent,LightGBM,14666.090508145568,192.5688314819336
2032,Southland Region,Median Rent,LightGBM,14666.090508145568,192.5688314819336
2033,Southland Region,Median Rent,LightGBM,14666.090508145568,192.5688314819336
2034,Southland Region,Median Rent,LightGBM,14666.090508145568,192.5688314819336
2025,Southland Region,Median Rent,CatBoost,234.90980883366856,200.33388675772557
2026,Southland Region,Median Rent,CatBoost,234.90980883366856,205.0082914174731
2027,Southland Region,Median Rent,CatBoost,234.90980883366856,212.57488696613322
2028,Southland Region,Median Rent,CatBoost,234.90980883366856,223.09283294613502
2029,Southland Region,Median Rent,CatBoost,234.90980883366856,231.85529123026237
2030,Southland Region,Median Rent,CatBoost,234.90980883366856,233.82259548751938
2031,Southland Region,Median Rent,CatBoost,234.90980883366856,239.749267098233
2032,Southland Region,Median Rent,CatBoost,234.90980883366856,239.749267098233
2033,Southland Region,Median Rent,CatBoost,234.90980883366856,239.749267098233
2034,Southland Region,Median Rent,CatBoost,234.90980883366856,239.749267098233
2025,Southland Region,Total Sentences,XGBoost,33873.3499782426,2682.25048828125
2026,Southland Region,Total Sentences,XGBoost,33873.3499782426,2687.854248046875
2027,Southland Region,Total Sentences,XGBoost,33873.3499782426,2596.004150390625
2028,Southland Region,Total Sentences,XGBoost,33873.3499782426,2596.00390625
2029,Southland Region,Total Sentences,XGBoost,33873.3499782426,2762.054443359375
2030,Southland Region,Total Sentences,XGBoost,33873.3499782426,2762.054443359375
2031,Southland Region,Total Sentences,XGBoost,33873.3499782426,2762.054443359375
2032,Southland Region,Total Sentences,XGBoost,33873.3499782426,2752.973876953125
2033,Southland Region,Total Sentences,XGBoost,33873.3499782426,2752.973876953125
2034,Southland Region,Total Sentences,XGBoost,33873.3499782426,2752.973876953125
2025,Southland Region,Total Sentences,LightGBM,518016.4285714286,2568.0
2026,Southland Region,Total Sentences,LightGBM,518016.4285714286,2568.0
2027,Southland Region,Total Sentences,LightGBM,518016.4285714286,2568.0
2028,Southland Region,Total Sentences,LightGBM,518016.4285714286,2568.0
2029,Southland Region,Total Sentences,LightGBM,518016.4285714286,2568.0
2030,Southland Region,Total Sentences,LightGBM,518016.4285714286,2568.0
2031,Southland Region,Total Sentences,LightGBM,518016.4285714286,2568.0
2032,Southland Region,Total Sentences,LightGBM,518016.4285714286,2568.0
2033,Southland Region,Total Sentences,LightGBM,518016.4285714286,2568.0
2034,Southland Region,Total Sentences,LightGBM,518016.4285714286,2568.0
2025,Southland Region,Total Sentences,CatBoost,44064.05319738764,2878.8449438127896
2026,Southland Region,Total Sentences,CatBoost,44064.05319738764,2955.8469288677816
2027,Southland Region,Total Sentences,CatBoost,44064.05319738764,2787.259571219139
2028,Southland Region,Total Sentences,CatBoost,44064.05319738764,2752.0845851266704
2029,Southland Region,Total Sentences,CatBoost,44064.05319738764,2704.445160773871
2030,Southland Region,Total Sentences,CatBoost,44064.05319738764,2687.2950158424796
2031,Southland Region,Total Sentences,CatBoost,44064.05319738764,2692.4717464744344
2032,Southland Region,Total Sentences,CatBoost,44064.05319738764,2692.4717464744344
2033,Southland Region,Total Sentences,CatBoost,44064.05319738764,2694.006054510006
2034,Southland Region,Total Sentences,CatBoost,44064.05319738764,2694.006054510006
2025,Taranaki Region,Median Rent,XGBoost,1731.780371184824,234.869140625
2026,Taranaki Region,Median Rent,XGBoost,1731.780371184824,234.8433380126953
2027,Taranaki Region,Median Rent,XGBoost,1731.780371184824,262.53472900390625
2028,Taranaki Region,Median Rent,XGBoost,1731.780371184824,262.6817321777344
2029,Taranaki Region,Median Rent,XGBoost,1731.780371184824,267.5137634277344
2030,Taranaki Region,Median Rent,XGBoost,1731.780371184824,267.3826904296875
2031,Taranaki Region,Median Rent,XGBoost,1731.780371184824,279.0516662597656
2032,Taranaki Region,Median Rent,XGBoost,1731.780371184824,286.4259948730469
2033,Taranaki Region,Median Rent,XGBoost,1731.780371184824,286.4259948730469
2034,Taranaki Region,Median Rent,XGBoost,1731.780371184824,301.4981994628906
2025,Taranaki Region,Median Rent,LightGBM,23214.888504322404,243.0630310058594
2026,Taranaki Region,Median Rent,LightGBM,23214.888504322404,243.0630310058594
2027,Taranaki Region,Median Rent,LightGBM,23214.888504322404,243.0630310058594
2028,Taranaki Region,Median Rent,LightGBM,23214.888504322404,243.0630310058594
2029,Taranaki Region,Median Rent,LightGBM,23214.888504322404,243.0630310058594
2030,Taranaki Region,Median Rent,LightGBM,23214.888504322404,243.0630310058594
2031,Taranaki Region,Median Rent,LightGBM,23214.888504322404,243.0630310058594
2032,Taranaki Region,Median Rent,LightGBM,23214.888504322404,243.0630310058594
2033,Taranaki Region,Median Rent,LightGBM,23214.888504322404,243.0630310058594
2034,Taranaki Region,Median Rent,LightGBM,23214.888504322404,243.0630310058594
2025,Taranaki Region,Median Rent,CatBoost,534.3197513705107,258.1022137046757
2026,Taranaki Region,Median Rent,CatBoost,534.3197513705107,259.41279495754316
2027,Taranaki Region,Median Rent,CatBoost,534.3197513705107,264.7820971666513
2028,Taranaki Region,Median Rent,CatBoost,534.3197513705107,263.5284718043481
2029,Taranaki Region,Median Rent,CatBoost,534.3197513705107,258.83563841123544
2030,Taranaki Region,Median Rent,CatBoost,534.3197513705107,264.7345666224963
2031,Taranaki Region,Median Rent,CatBoost,534.3197513705107,268.36739510111045
2032,Taranaki Region,Median Rent,CatBoost,534.3197513705107,276.43262221399385
2033,Taranaki Region,Median Rent,CatBoost,534.3197513705107,278.46220876239175
2034,Taranaki Region,Median Rent,CatBoost,534.3197513705107,284.22268159642033
2025,Taranaki Region,Total Sentences,XGBoost,51046.92678874731,4042.001220703125
2026,Taranaki Region,Total Sentences,XGBoost,51046.92678874731,3729.653076171875
2027,Taranaki Region,Total Sentences,XGBoost,51046.92678874731,3740.927490234375
2028,Taranaki Region,Total Sentences,XGBoost,51046.92678874731,4149.8857421875
2029,Taranaki Region,Total Sentences,XGBoost,51046.92678874731,4149.8857421875
2030,Taranaki Region,Total Sentences,XGBoost,51046.92678874731,4149.8857421875
2031,Taranaki Region,Total Sentences,XGBoost,51046.92678874731,4149.8857421875
2032,Taranaki Region,Total Sentences,XGBoost,51046.92678874731,4055.952392578125
2033,Taranaki Region,Total Sentences,XGBoost,51046.92678874731,3722.852294921875
2034,Taranaki Region,Total Sentences,XGBoost,51046.92678874731,3722.852294921875
2025,Taranaki Region,Total Sentences,LightGBM,717122.9718857143,3610.24
2026,Taranaki Region,Total Sentences,LightGBM,717122.9718857143,3610.24
2027,Taranaki Region,Total Sentences,LightGBM,717122.9718857143,3610.24
2028,Taranaki Region,Total Sentences,LightGBM,717122.9718857143,3610.24
2029,Taranaki Region,Total Sentences,LightGBM,717122.9718857143,3610.24
2030,Taranaki Region,Total Sentences,LightGBM,717122.9718857143,3610.24
2031,Taranaki Region,Total Sentences,LightGBM,717122.9718857143,3610.24
2032,Taranaki Region,Total Sentences,LightGBM,717122.9718857143,3610.24
2033,Taranaki Region,Total Sentences,LightGBM,717122.9718857143,3610.24
2034,Taranaki Region,Total Sentences,LightGBM,717122.9718857143,3610.24
2025,Taranaki Region,Total Sentences,CatBoost,60554.99527631188,4041.67602139037
2026,Taranaki Region,Total Sentences,CatBoost,60554.99527631188,3899.2857250336565
2027,Taranaki Region,Total Sentences,CatBoost,60554.99527631188,3975.298651935742
2028,Taranaki Region,Total Sentences,CatBoost,60554.99527631188,3836.976098501035
2029,Taranaki Region,Total Sentences,CatBoost,60554.99527631188,3862.8967841865415
2030,Taranaki Region,Total Sentences,CatBoost,60554.99527631188,3862.8967841865415
2031,Taranaki Region,Total Sentences,CatBoost,60554.99527631188,3752.804927969765
2032,Taranaki Region,Total Sentences,CatBoost,60554.99527631188,3686.41458139382
2033,Taranaki Region,Total Sentences,CatBoost,60554.99527631188,3544.630600040978
2034,Taranaki Region,Total Sentences,CatBoost,60554.99527631188,3317.543274088728
2025,Waikato Region,Median Rent,XGBoost,742.2345397641604,267.32647705078125
2026,Waikato Region,Median Rent,XGBoost,742.2345397641604,281.5775451660156
2027,Waikato Region,Median Rent,XGBoost,742.2345397641604,281.5563049316406
2028,Waikato Region,Median Rent,XGBoost,742.2345397641604,289.412109375
2029,Waikato Region,Median Rent,XGBoost,742.2345397641604,296.798828125
2030,Waikato Region,Median Rent,XGBoost,742.2345397641604,296.91796875
2031,Waikato Region,Median Rent,XGBoost,742.2345397641604,296.91796875
2032,Waikato Region,Median Rent,XGBoost,742.2345397641604,313.2872009277344
2033,Waikato Region,Median Rent,XGBoost,742.2345397641604,313.2872009277344
2034,Waikato Region,Median Rent,XGBoost,742.2345397641604,313.2872009277344
2025,Waikato Region,Median Rent,LightGBM,21430.454292036917,265.18428466796877
2026,Waikato Region,Median Rent,LightGBM,21430.454292036917,265.18428466796877
2027,Waikato Region,Median Rent,LightGBM,21430.454292036917,265.18428466796877
2028,Waikato Region,Median Rent,LightGBM,21430.454292036917,265.18428466796877
2029,Waikato Region,Median Rent,LightGBM,21430.454292036917,265.18428466796877
2030,Waikato Region,Median Rent,LightGBM,21430.454292036917,265.18428466796877
2031,Waikato Region,Median Rent,LightGBM,21430.454292036917,265.18428466796877
2032,Waikato Region,Median Rent,LightGBM,21430.454292036917,265.18428466796877
2033,Waikato Region,Median Rent,LightGBM,21430.454292036917,265.18428466796877
2034,Waikato Region,Median Rent,LightGBM,21430.454292036917,265.18428466796877
2025,Waikato Region,Median Rent,CatBoost,255.99203244802266,272.80250505282237
2026,Waikato Region,Median Rent,CatBoost,255.99203244802266,289.1549540056101
2027,Waikato Region,Median Rent,CatBoost,255.99203244802266,300.32529654758326
2028,Waikato Region,Median Rent,CatBoost,255.99203244802266,299.558321539597
2029,Waikato Region,Median Rent,CatBoost,255.99203244802266,300.68924677198004
2030,Waikato Region,Median Rent,CatBoost,255.99203244802266,299.9685490446203
2031,Waikato Region,Median Rent,CatBoost,255.99203244802266,299.9685490446203
2032,Waikato Region,Median Rent,CatBoost,255.99203244802266,299.9685490446203
2033,Waikato Region,Median Rent,CatBoost,255.99203244802266,307.8690935096973
2034,Waikato Region,Median Rent,CatBoost,255.99203244802266,323.5161329704981
2025,Waikato Region,Total Sentences,XGBoost,589047.9601379803,5311.15625
2026,Waikato Region,Total Sentences,XGBoost,589047.9601379803,5274.359375
2027,Waikato Region,Total Sentences,XGBoost,589047.9601379803,5682.93408203125
2028,Waikato Region,Total Sentences,XGBoost,589047.9601379803,5682.93408203125
2029,Waikato Region,Total Sentences,XGBoost,589047.9601379803,5677.18017578125
2030,Waikato Region,Total Sentences,XGBoost,589047.9601379803,5667.857421875
2031,Waikato Region,Total Sentences,XGBoost,589047.9601379803,5667.857421875
2032,Waikato Region,Total Sentences,XGBoost,589047.9601379803,5684.80712890625
2033,Waikato Region,Total Sentences,XGBoost,589047.9601379803,5684.80712890625
2034,Waikato Region,Total Sentences,XGBoost,589047.9601379803,5684.80712890625
2025,Waikato Region,Total Sentences,LightGBM,1195075.2806857142,5782.92
2026,Waikato Region,Total Sentences,LightGBM,1195075.2806857142,5782.92
2027,Waikato Region,Total Sentences,LightGBM,1195075.2806857142,5782.92
2028,Waikato Region,Total Sentences,LightGBM,1195075.2806857142,5782.92
2029,Waikato Region,Total Sentences,LightGBM,1195075.2806857142,5782.92
2030,Waikato Region,Total Sentences,LightGBM,1195075.2806857142,5782.92
2031,Waikato Region,Total Sentences,LightGBM,1195075.2806857142,5782.92
2032,Waikato Region,Total Sentences,LightGBM,1195075.2806857142,5782.92
2033,Waikato Region,Total Sentences,LightGBM,1195075.2806857142,5782.92
2034,Waikato Region,Total Sentences,LightGBM,1195075.2806857142,5782.92
2025,Waikato Region,Total Sentences,CatBoost,348415.63252954447,5990.575555460053
2026,Waikato Region,Total Sentences,CatBoost,348415.63252954447,5834.077083904708
2027,Waikato Region,Total Sentences,CatBoost,348415.63252954447,5805.145305157242
2028,Waikato Region,Total Sentences,CatBoost,348415.63252954447,5728.694824656326
2029,Waikato Region,Total Sentences,CatBoost,348415.63252954447,5639.926692933878
2030,Waikato Region,Total Sentences,CatBoost,348415.63252954447,5575.5055202833455
2031,Waikato Region,Total Sentences,CatBoost,348415.63252954447,5446.139257562083
2032,Waikato Region,Total Sentences,CatBoost,348415.63252954447,5434.276979705812
2033,Waikato Region,Total Sentences,CatBoost,348415.63252954447,5392.156367589193
2034,Waikato Region,Total Sentences,CatBoost,348415.63252954447,5388.463625503801
2025,Wellington Region,Median Rent,XGBoost,560.6746330577815,328.3378601074219
2026,Wellington Region,Median Rent,XGBoost,560.6746330577815,342.54193115234375
2027,Wellington Region,Median Rent,XGBoost,560.6746330577815,346.7134704589844
2028,Wellington Region,Median Rent,XGBoost,560.6746330577815,346.7134704589844
2029,Wellington Region,Median Rent,XGBoost,560.6746330577815,355.7829284667969
2030,Wellington Region,Median Rent,XGBoost,560.6746330577815,361.3354187011719
2031,Wellington Region,Median Rent,XGBoost,560.6746330577815,372.4165954589844
2032,Wellington Region,Median Rent,XGBoost,560.6746330577815,372.4165954589844
2033,Wellington Region,Median Rent,XGBoost,560.6746330577815,372.4165954589844
2034,Wellington Region,Median Rent,XGBoost,560.6746330577815,387.5005798339844
2025,Wellington Region,Median Rent,LightGBM,25855.73790430207,321.1287872314453
2026,Wellington Region,Median Rent,LightGBM,25855.73790430207,321.1287872314453
2027,Wellington Region,Median Rent,LightGBM,25855.73790430207,321.1287872314453
2028,Wellington Region,Median Rent,LightGBM,25855.73790430207,321.1287872314453
2029,Wellington Region,Median Rent,LightGBM,25855.73790430207,321.1287872314453
2030,Wellington Region,Median Rent,LightGBM,25855.73790430207,321.1287872314453
2031,Wellington Region,Median Rent,LightGBM,25855.73790430207,321.1287872314453
2032,Wellington Region,Median Rent,LightGBM,25855.73790430207,321.1287872314453
2033,Wellington Region,Median Rent,LightGBM,25855.73790430207,321.1287872314453
2034,Wellington Region,Median Rent,LightGBM,25855.73790430207,321.1287872314453
2025,Wellington Region,Median Rent,CatBoost,63.15425222723095,330.3214445529398
2026,Wellington Region,Median Rent,CatBoost,63.15425222723095,336.6509375295903
2027,Wellington Region,Median Rent,CatBoost,63.15425222723095,337.6547784962951
2028,Wellington Region,Median Rent,CatBoost,63.15425222723095,355.1727213372076
2029,Wellington Region,Median Rent,CatBoost,63.15425222723095,362.26702852354765
2030,Wellington Region,Median Rent,CatBoost,63.15425222723095,374.9100403713501
2031,Wellington Region,Median Rent,CatBoost,63.15425222723095,376.9031672182287
2032,Wellington Region,Median Rent,CatBoost,63.15425222723095,394.6231012135474
2033,Wellington Region,Median Rent,CatBoost,63.15425222723095,401.13366435338855
2034,Wellington Region,Median Rent,CatBoost,63.15425222723095,401.13366435338855
2025,Wellington Region,Total Sentences,XGBoost,103129.52562496917,2326.4404296875
2026,Wellington Region,Total Sentences,XGBoost,103129.52562496917,2326.4404296875
2027,Wellington Region,Total Sentences,XGBoost,103129.52562496917,2326.4404296875
2028,Wellington Region,Total Sentences,XGBoost,103129.52562496917,2326.4404296875
2029,Wellington Region,Total Sentences,XGBoost,103129.52562496917,2326.499755859375
2030,Wellington Region,Total Sentences,XGBoost,103129.52562496917,2326.499755859375
2031,Wellington Region,Total Sentences,XGBoost,103129.52562496917,2326.499755859375
2032,Wellington Region,Total Sentences,XGBoost,103129.52562496917,2326.499755859375
2033,Wellington Region,Total Sentences,XGBoost,103129.52562496917,2212.578857421875
2034,Wellington Region,Total Sentences,XGBoost,103129.52562496917,2212.578857421875
2025,Wellington Region,Total Sentences,LightGBM,1042427.6266857142,3108.68
2026,Wellington Region,Total Sentences,LightGBM,1042427.6266857142,3108.68
2027,Wellington Region,Total Sentences,LightGBM,1042427.6266857142,3108.68
2028,Wellington Region,Total Sentences,LightGBM,1042427.6266857142,3108.68
2029,Wellington Region,Total Sentences,LightGBM,1042427.6266857142,3108.68
2030,Wellington Region,Total Sentences,LightGBM,1042427.6266857142,3108.68
2031,Wellington Region,Total Sentences,LightGBM,1042427.6266857142,3108.68
2032,Wellington Region,Total Sentences,LightGBM,1042427.6266857142,3108.68
2033,Wellington Region,Total Sentences,LightGBM,1042427.6266857142,3108.68
2034,Wellington Region,Total Sentences,LightGBM,1042427.6266857142,3108.68
2025,Wellington Region,Total Sentences,CatBoost,84369.87003613265,2305.5798071740232
2026,Wellington Region,Total Sentences,CatBoost,84369.87003613265,2305.5798071740232
2027,Wellington Region,Total Sentences,CatBoost,84369.87003613265,2273.6051927183507
2028,Wellington Region,Total Sentences,CatBoost,84369.87003613265,2273.6051927183507
2029,Wellington Region,Total Sentences,CatBoost,84369.87003613265,2210.8707098239947
2030,Wellington Region,Total Sentences,CatBoost,84369.87003613265,2210.8707098239947
2031,Wellington Region,Total Sentences,CatBoost,84369.87003613265,2174.4409226160424
2032,Wellington Region,Total Sentences,CatBoost,84369.87003613265,2174.4409226160424
2033,Wellington Region,Total Sentences,CatBoost,84369.87003613265,2118.8261970294634
2034,Wellington Region,Total Sentences,CatBoost,84369.87003613265,2118.8261970294634
